scenarioName,scenarioLoop,stepName,stepLoop,correlationId,requestTimeStamp,responseDelayMilliSec,responseTimeStamp,result
"hr.ivlahek.showcase.zerocode.uat.UatTest",0,should_get_google_com,0,"00a9bc00-091d-4550-bb81-32e644144e18",2019-08-15T10:30:13.527,118.0,2019-08-15T10:30:13.645,PASSED
"hr.ivlahek.showcase.zerocode.uat.UatTest",0,should_get_google_com,0,"00f34b9e-6637-46ee-b1b6-1b38f36bd786",2019-08-15T10:30:15.653,128.0,2019-08-15T10:30:15.781,PASSED
"hr.ivlahek.showcase.zerocode.uat.UatTest",0,should_get_google_com,0,"017c9760-c740-4a1f-a2a7-e2418da0a827",2019-08-15T10:30:10.204,117.0,2019-08-15T10:30:10.321,PASSED
"hr.ivlahek.showcase.zerocode.uat.UatTest",0,should_get_google_com,0,"018393e7-473e-4a3f-a2f5-ab18a83f41a7",2019-08-15T10:30:12.199,122.0,2019-08-15T10:30:12.321,PASSED
"hr.ivlahek.showcase.zerocode.uat.UatTest",0,should_get_google_com,0,"018a5270-1432-4085-af04-b6f760e635fb",2019-08-15T10:30:20.306,128.0,2019-08-15T10:30:20.434,PASSED
"hr.ivlahek.showcase.zerocode.uat.UatTest",0,should_get_google_com,0,"02e405c0-4061-4d75-8e43-9bf9fc7f0924",2019-08-15T10:30:06.351,123.0,2019-08-15T10:30:06.474,PASSED
"hr.ivlahek.showcase.zerocode.uat.UatTest",0,should_get_google_com,0,"0337c9a3-83db-40ea-9bfc-10fcf4cf5269",2019-08-15T10:30:13.129,135.0,2019-08-15T10:30:13.264,PASSED
"hr.ivlahek.showcase.zerocode.uat.UatTest",0,should_get_google_com,0,"03672aa0-fc82-475f-bc3a-9117039f6ee5",2019-08-15T10:30:06.218,140.0,2019-08-15T10:30:06.358,PASSED
"hr.ivlahek.showcase.zerocode.uat.UatTest",0,should_get_google_com,0,"03a50033-65c9-49bb-9262-f937c8443937",2019-08-15T10:30:07.278,118.0,2019-08-15T10:30:07.396,PASSED
"hr.ivlahek.showcase.zerocode.uat.UatTest",0,should_get_google_com,0,"03adc2a4-2e55-4834-91e8-5a1af1fbcf3d",2019-08-15T10:30:14.790,142.0,2019-08-15T10:30:14.932,PASSED
"hr.ivlahek.showcase.zerocode.uat.UatTest",0,should_get_google_com,0,"058a3e28-913d-41b8-8e43-aaf199c14a15",2019-08-15T10:30:02.593,339.0,2019-08-15T10:30:02.932,PASSED
"hr.ivlahek.showcase.zerocode.uat.UatTest",0,should_get_google_com,0,"064363c3-fd64-442d-8b1a-fb440ed3be09",2019-08-15T10:30:10.669,122.0,2019-08-15T10:30:10.791,PASSED
"hr.ivlahek.showcase.zerocode.uat.UatTest",0,should_get_google_com,0,"06987ce1-a47c-4a49-b4ab-4add44ed9843",2019-08-15T10:30:11.137,143.0,2019-08-15T10:30:11.280,PASSED
"hr.ivlahek.showcase.zerocode.uat.UatTest",0,should_get_google_com,0,"084dff76-51ad-4ccb-a6c1-d13500afcc66",2019-08-15T10:30:21.374,123.0,2019-08-15T10:30:21.497,PASSED
"hr.ivlahek.showcase.zerocode.uat.UatTest",0,should_get_google_com,0,"097169e3-f07e-4546-8534-4809fdba69eb",2019-08-15T10:30:16.784,125.0,2019-08-15T10:30:16.909,PASSED
"hr.ivlahek.showcase.zerocode.uat.UatTest",0,should_get_google_com,0,"09807d15-7c52-49d1-8261-bd9bfb495136",2019-08-15T10:30:19.177,146.0,2019-08-15T10:30:19.323,PASSED
"hr.ivlahek.showcase.zerocode.uat.UatTest",0,should_get_google_com,0,"099257ca-ac8d-4c8a-a93a-7be327a5ec10",2019-08-15T10:30:21.041,118.0,2019-08-15T10:30:21.159,PASSED
"hr.ivlahek.showcase.zerocode.uat.UatTest",0,should_get_google_com,0,"0ad07604-247c-4863-8a5a-f502d83cc710",2019-08-15T10:30:19.577,129.0,2019-08-15T10:30:19.706,PASSED
"hr.ivlahek.showcase.zerocode.uat.UatTest",0,should_get_google_com,0,"0ae7681f-7f45-4d43-adc7-36e4cf485d0c",2019-08-15T10:30:18.977,125.0,2019-08-15T10:30:19.102,PASSED
"hr.ivlahek.showcase.zerocode.uat.UatTest",0,should_get_google_com,0,"0b6854ee-4f6f-4bc2-9616-b1f2de3ceac2",2019-08-15T10:30:03.898,127.0,2019-08-15T10:30:04.025,PASSED
"hr.ivlahek.showcase.zerocode.uat.UatTest",0,should_get_google_com,0,"0b7adf67-668f-444c-9a7f-fd70a244e209",2019-08-15T10:30:19.445,143.0,2019-08-15T10:30:19.588,PASSED
"hr.ivlahek.showcase.zerocode.uat.UatTest",0,should_get_google_com,0,"0ca4090c-fd4a-434f-ac6e-849941e9aaad",2019-08-15T10:30:20.973,127.0,2019-08-15T10:30:21.100,PASSED
"hr.ivlahek.showcase.zerocode.uat.UatTest",0,should_get_google_com,0,"0e25f763-7cc8-467b-b086-1d34792119d1",2019-08-15T10:30:11.203,121.0,2019-08-15T10:30:11.324,PASSED
"hr.ivlahek.showcase.zerocode.uat.UatTest",0,should_get_google_com,0,"0ef4c7e5-c9df-4827-803e-65b93f0d4081",2019-08-15T10:30:16.518,128.0,2019-08-15T10:30:16.646,PASSED
"hr.ivlahek.showcase.zerocode.uat.UatTest",0,should_get_google_com,0,"0fc644d1-ece0-412a-b9fb-da7aab8fc1ca",2019-08-15T10:30:19.379,138.0,2019-08-15T10:30:19.517,PASSED
"hr.ivlahek.showcase.zerocode.uat.UatTest",0,should_get_google_com,0,"0fe8b8c7-4136-4dc4-9fb1-c9358f7bee7d",2019-08-15T10:30:06.481,160.0,2019-08-15T10:30:06.641,PASSED
"hr.ivlahek.showcase.zerocode.uat.UatTest",0,should_get_google_com,0,"10506909-6e11-494e-b78b-61dbc93a5212",2019-08-15T10:30:18.179,124.0,2019-08-15T10:30:18.303,PASSED
"hr.ivlahek.showcase.zerocode.uat.UatTest",0,should_get_google_com,0,"12a55fb8-518c-4463-a8c0-fc41d40daeae",2019-08-15T10:30:02.769,164.0,2019-08-15T10:30:02.933,PASSED
"hr.ivlahek.showcase.zerocode.uat.UatTest",0,should_get_google_com,0,"13999bd7-7495-4ef9-befb-0db35d41d702",2019-08-15T10:30:15.986,117.0,2019-08-15T10:30:16.103,PASSED
"hr.ivlahek.showcase.zerocode.uat.UatTest",0,should_get_google_com,0,"143c8f27-20cb-44bd-8299-e12dd55b8a96",2019-08-15T10:30:11.667,121.0,2019-08-15T10:30:11.788,PASSED
"hr.ivlahek.showcase.zerocode.uat.UatTest",0,should_get_google_com,0,"150295d3-756e-4e87-b0e9-cd8f9c78f7d0",2019-08-15T10:30:10.002,123.0,2019-08-15T10:30:10.125,PASSED
"hr.ivlahek.showcase.zerocode.uat.UatTest",0,should_get_google_com,0,"159126f3-03e8-4563-bb02-d6a1da97c1b8",2019-08-15T10:30:17.716,119.0,2019-08-15T10:30:17.835,PASSED
"hr.ivlahek.showcase.zerocode.uat.UatTest",0,should_get_google_com,0,"16386283-9410-4f26-a0e4-d435eede6a96",2019-08-15T10:30:10.404,123.0,2019-08-15T10:30:10.527,PASSED
"hr.ivlahek.showcase.zerocode.uat.UatTest",0,should_get_google_com,0,"1638ec43-1be6-4459-a2e4-c0f5e6b0ec75",2019-08-15T10:30:06.614,123.0,2019-08-15T10:30:06.737,PASSED
"hr.ivlahek.showcase.zerocode.uat.UatTest",0,should_get_google_com,0,"17afe81c-7f16-497a-ac63-7d48c8c2a3d1",2019-08-15T10:30:14.859,117.0,2019-08-15T10:30:14.976,PASSED
"hr.ivlahek.showcase.zerocode.uat.UatTest",0,should_get_google_com,0,"17c96bbc-0606-476d-87ee-6865d145d8c9",2019-08-15T10:30:12.273,123.0,2019-08-15T10:30:12.396,PASSED
"hr.ivlahek.showcase.zerocode.uat.UatTest",0,should_get_google_com,0,"1869bbd6-8651-42be-a1af-e2626ae6c45b",2019-08-15T10:30:02.592,339.0,2019-08-15T10:30:02.931,PASSED
"hr.ivlahek.showcase.zerocode.uat.UatTest",0,should_get_google_com,0,"19136dc5-f460-4832-987a-450fc421e94f",2019-08-15T10:30:12.730,120.0,2019-08-15T10:30:12.850,PASSED
"hr.ivlahek.showcase.zerocode.uat.UatTest",0,should_get_google_com,0,"192b4e27-8db5-47e6-999c-a8f5ade8efd7",2019-08-15T10:30:16.918,116.0,2019-08-15T10:30:17.034,PASSED
"hr.ivlahek.showcase.zerocode.uat.UatTest",0,should_get_google_com,0,"19979546-f478-4b30-8188-365c166d6e18",2019-08-15T10:30:07.745,127.0,2019-08-15T10:30:07.872,PASSED
"hr.ivlahek.showcase.zerocode.uat.UatTest",0,should_get_google_com,0,"1a597eb7-7688-47f6-a250-26d76781298b",2019-08-15T10:30:09.273,115.0,2019-08-15T10:30:09.388,PASSED
"hr.ivlahek.showcase.zerocode.uat.UatTest",0,should_get_google_com,0,"1b4fc84a-7549-4b99-819e-e5c27cb7a54d",2019-08-15T10:30:08.476,123.0,2019-08-15T10:30:08.599,PASSED
"hr.ivlahek.showcase.zerocode.uat.UatTest",0,should_get_google_com,0,"1bc311ba-0bd1-450f-8689-7c479d295720",2019-08-15T10:30:11.336,129.0,2019-08-15T10:30:11.465,PASSED
"hr.ivlahek.showcase.zerocode.uat.UatTest",0,should_get_google_com,0,"1c4ca3ac-f88f-4fe7-aaaf-f03452765559",2019-08-15T10:30:15.391,165.0,2019-08-15T10:30:15.556,PASSED
"hr.ivlahek.showcase.zerocode.uat.UatTest",0,should_get_google_com,0,"1c5c7816-e9e9-4f9f-9037-27783fc74868",2019-08-15T10:30:16.851,123.0,2019-08-15T10:30:16.974,PASSED
"hr.ivlahek.showcase.zerocode.uat.UatTest",0,should_get_google_com,0,"1c664ba2-6fd2-43bb-b23e-9c72da00aa8f",2019-08-15T10:30:10.469,116.0,2019-08-15T10:30:10.585,PASSED
"hr.ivlahek.showcase.zerocode.uat.UatTest",0,should_get_google_com,0,"1d055279-ffda-4a1c-aec6-052452625ec9",2019-08-15T10:30:04.495,119.0,2019-08-15T10:30:04.614,PASSED
"hr.ivlahek.showcase.zerocode.uat.UatTest",0,should_get_google_com,0,"1d263042-239a-415b-9a6b-71667a31190a",2019-08-15T10:30:21.240,124.0,2019-08-15T10:30:21.364,PASSED
"hr.ivlahek.showcase.zerocode.uat.UatTest",0,should_get_google_com,0,"1d3441d7-511d-4c29-b168-af93ab30f54b",2019-08-15T10:30:13.926,125.0,2019-08-15T10:30:14.051,PASSED
"hr.ivlahek.showcase.zerocode.uat.UatTest",0,should_get_google_com,0,"1d5be7e3-fbdd-44d8-b01c-a056a8f795ce",2019-08-15T10:30:03.827,118.0,2019-08-15T10:30:03.945,PASSED
"hr.ivlahek.showcase.zerocode.uat.UatTest",0,should_get_google_com,0,"1e72537b-7e87-4baa-8301-4d60bf4b1697",2019-08-15T10:30:18.046,128.0,2019-08-15T10:30:18.174,PASSED
"hr.ivlahek.showcase.zerocode.uat.UatTest",0,should_get_google_com,0,"1e966f0a-d2e3-44f4-9ace-9bf8357d2e18",2019-08-15T10:30:15.124,127.0,2019-08-15T10:30:15.251,PASSED
"hr.ivlahek.showcase.zerocode.uat.UatTest",0,should_get_google_com,0,"1eb061bd-9914-43f9-8fe7-cf09d8a72535",2019-08-15T10:30:10.338,118.0,2019-08-15T10:30:10.456,PASSED
"hr.ivlahek.showcase.zerocode.uat.UatTest",0,should_get_google_com,0,"1fbcf41e-6333-4efc-b207-13cbe0ddca17",2019-08-15T10:30:14.657,124.0,2019-08-15T10:30:14.781,PASSED
"hr.ivlahek.showcase.zerocode.uat.UatTest",0,should_get_google_com,0,"202558e3-6141-4d6d-aa54-ff5c22a33829",2019-08-15T10:30:17.582,127.0,2019-08-15T10:30:17.709,PASSED
"hr.ivlahek.showcase.zerocode.uat.UatTest",0,should_get_google_com,0,"209ea8bc-588d-4e11-9069-72c6fcee4a3d",2019-08-15T10:30:20.506,116.0,2019-08-15T10:30:20.622,PASSED
"hr.ivlahek.showcase.zerocode.uat.UatTest",0,should_get_google_com,0,"218de6b4-7039-4735-b9e1-6b5a71f78962",2019-08-15T10:30:12.070,119.0,2019-08-15T10:30:12.189,PASSED
"hr.ivlahek.showcase.zerocode.uat.UatTest",0,should_get_google_com,0,"21c4c16a-5ae1-4b2e-8951-556f787efb3c",2019-08-15T10:30:08.143,120.0,2019-08-15T10:30:08.263,PASSED
"hr.ivlahek.showcase.zerocode.uat.UatTest",0,should_get_google_com,0,"22e883b8-ddd5-4ba6-a741-7c93d9f901f0",2019-08-15T10:30:07.412,118.0,2019-08-15T10:30:07.530,PASSED
"hr.ivlahek.showcase.zerocode.uat.UatTest",0,should_get_google_com,0,"22f5176f-3c20-4eb4-a360-3bd9f025b612",2019-08-15T10:30:03.562,122.0,2019-08-15T10:30:03.684,PASSED
"hr.ivlahek.showcase.zerocode.uat.UatTest",0,should_get_google_com,0,"236aef60-e510-49c3-96a4-7987ca83f6d2",2019-08-15T10:30:09.141,125.0,2019-08-15T10:30:09.266,PASSED
"hr.ivlahek.showcase.zerocode.uat.UatTest",0,should_get_google_com,0,"237facd5-e0f6-4afe-ace4-83d228f35f10",2019-08-15T10:30:14.923,126.0,2019-08-15T10:30:15.049,PASSED
"hr.ivlahek.showcase.zerocode.uat.UatTest",0,should_get_google_com,0,"26207129-b9ea-4749-b690-b616504c42f5",2019-08-15T10:30:06.158,120.0,2019-08-15T10:30:06.278,PASSED
"hr.ivlahek.showcase.zerocode.uat.UatTest",0,should_get_google_com,0,"273b6212-a129-4311-8a16-e1dacfcf3442",2019-08-15T10:30:09.804,132.0,2019-08-15T10:30:09.936,PASSED
"hr.ivlahek.showcase.zerocode.uat.UatTest",0,should_get_google_com,0,"28e36974-65d0-4c34-ae50-54ece5d03421",2019-08-15T10:30:15.455,125.0,2019-08-15T10:30:15.580,PASSED
"hr.ivlahek.showcase.zerocode.uat.UatTest",0,should_get_google_com,0,"2a4a99f1-3315-4321-b9ad-759b6dba1be5",2019-08-15T10:30:05.554,119.0,2019-08-15T10:30:05.673,PASSED
"hr.ivlahek.showcase.zerocode.uat.UatTest",0,should_get_google_com,0,"2ad07177-2664-484e-b697-1780c3873bc9",2019-08-15T10:30:05.020,119.0,2019-08-15T10:30:05.139,PASSED
"hr.ivlahek.showcase.zerocode.uat.UatTest",0,should_get_google_com,0,"2aee11d2-5479-49ff-919e-c86c3484cb00",2019-08-15T10:30:03.634,127.0,2019-08-15T10:30:03.761,PASSED
"hr.ivlahek.showcase.zerocode.uat.UatTest",0,should_get_google_com,0,"2affd1a2-90d7-4f4f-9929-6c402a08899c",2019-08-15T10:30:08.011,117.0,2019-08-15T10:30:08.128,PASSED
"hr.ivlahek.showcase.zerocode.uat.UatTest",0,should_get_google_com,0,"2c91d158-8e72-43dc-856f-8e31de060863",2019-08-15T10:30:07.942,119.0,2019-08-15T10:30:08.061,PASSED
"hr.ivlahek.showcase.zerocode.uat.UatTest",0,should_get_google_com,0,"2dfb39dc-2d89-4331-a8d0-91292306f39b",2019-08-15T10:30:17.382,142.0,2019-08-15T10:30:17.524,PASSED
"hr.ivlahek.showcase.zerocode.uat.UatTest",0,should_get_google_com,0,"2ec85827-37b3-477c-b467-f5d3e70e3c42",2019-08-15T10:30:05.419,125.0,2019-08-15T10:30:05.544,PASSED
"hr.ivlahek.showcase.zerocode.uat.UatTest",0,should_get_google_com,0,"2faa3eac-3629-4d8a-b94e-e040ccc2a060",2019-08-15T10:30:18.778,125.0,2019-08-15T10:30:18.903,PASSED
"hr.ivlahek.showcase.zerocode.uat.UatTest",0,should_get_google_com,0,"309d3bb1-f7ec-455b-8cf0-b2be4a0b50be",2019-08-15T10:30:11.401,157.0,2019-08-15T10:30:11.558,PASSED
"hr.ivlahek.showcase.zerocode.uat.UatTest",0,should_get_google_com,0,"30d76beb-28da-4a9f-a7a6-f32dbc9af270",2019-08-15T10:30:17.848,122.0,2019-08-15T10:30:17.970,PASSED
"hr.ivlahek.showcase.zerocode.uat.UatTest",0,should_get_google_com,0,"32c8eee0-ef64-4d8d-b75e-956bf72a212f",2019-08-15T10:30:03.171,136.0,2019-08-15T10:30:03.307,PASSED
"hr.ivlahek.showcase.zerocode.uat.UatTest",0,should_get_google_com,0,"32ee0919-3a96-48d6-8cfb-298383c32bad",2019-08-15T10:30:08.347,121.0,2019-08-15T10:30:08.468,PASSED
"hr.ivlahek.showcase.zerocode.uat.UatTest",0,should_get_google_com,0,"341bc10d-0386-4dd0-b65e-7eff7161e8c1",2019-08-15T10:30:04.820,123.0,2019-08-15T10:30:04.943,PASSED
"hr.ivlahek.showcase.zerocode.uat.UatTest",0,should_get_google_com,0,"372c2dbc-ccb7-425e-97a5-6872af23c08f",2019-08-15T10:30:02.833,177.0,2019-08-15T10:30:03.010,PASSED
"hr.ivlahek.showcase.zerocode.uat.UatTest",0,should_get_google_com,0,"37880045-6083-4ca4-8deb-5f6f782f7233",2019-08-15T10:30:07.212,117.0,2019-08-15T10:30:07.329,PASSED
"hr.ivlahek.showcase.zerocode.uat.UatTest",0,should_get_google_com,0,"37c6f1bb-d3a0-47c5-92d9-d64313680381",2019-08-15T10:30:21.307,124.0,2019-08-15T10:30:21.431,PASSED
"hr.ivlahek.showcase.zerocode.uat.UatTest",0,should_get_google_com,0,"38eeaaa1-48bf-468f-80a7-eec73221e597",2019-08-15T10:30:06.748,119.0,2019-08-15T10:30:06.867,PASSED
"hr.ivlahek.showcase.zerocode.uat.UatTest",0,should_get_google_com,0,"39eb59ee-007b-4d32-91c5-353e4e2b2d02",2019-08-15T10:30:15.056,116.0,2019-08-15T10:30:15.172,PASSED
"hr.ivlahek.showcase.zerocode.uat.UatTest",0,should_get_google_com,0,"3b92c66c-cf06-4808-a6a6-16192afb263b",2019-08-15T10:30:13.861,120.0,2019-08-15T10:30:13.981,PASSED
"hr.ivlahek.showcase.zerocode.uat.UatTest",0,should_get_google_com,0,"3c213340-cc55-4786-8a28-e63f449f126c",2019-08-15T10:30:03.306,125.0,2019-08-15T10:30:03.431,PASSED
"hr.ivlahek.showcase.zerocode.uat.UatTest",0,should_get_google_com,0,"3c459cac-ae66-4eda-98dc-5657b44669fd",2019-08-15T10:30:09.739,118.0,2019-08-15T10:30:09.857,PASSED
"hr.ivlahek.showcase.zerocode.uat.UatTest",0,should_get_google_com,0,"3dc1c216-72ac-49c5-b5d8-d55bcb4b974f",2019-08-15T10:30:14.989,121.0,2019-08-15T10:30:15.110,PASSED
"hr.ivlahek.showcase.zerocode.uat.UatTest",0,should_get_google_com,0,"3dd96b78-6c73-4ac0-b0a1-209ae7131b55",2019-08-15T10:30:11.866,130.0,2019-08-15T10:30:11.996,PASSED
"hr.ivlahek.showcase.zerocode.uat.UatTest",0,should_get_google_com,0,"3e917876-4814-4d7f-8d24-bf68280e4aaa",2019-08-15T10:30:05.684,122.0,2019-08-15T10:30:05.806,PASSED
"hr.ivlahek.showcase.zerocode.uat.UatTest",0,should_get_google_com,0,"40c67b0c-e714-4c15-a6c2-39fb763cb2fc",2019-08-15T10:30:03.377,124.0,2019-08-15T10:30:03.501,PASSED
"hr.ivlahek.showcase.zerocode.uat.UatTest",0,should_get_google_com,0,"40e78b93-5e7a-4aab-8b67-e110809786c0",2019-08-15T10:30:06.681,115.0,2019-08-15T10:30:06.796,PASSED
"hr.ivlahek.showcase.zerocode.uat.UatTest",0,should_get_google_com,0,"4120b2ff-44dd-410c-8ce1-c58b1df1e454",2019-08-15T10:30:02.591,341.0,2019-08-15T10:30:02.932,PASSED
"hr.ivlahek.showcase.zerocode.uat.UatTest",0,should_get_google_com,0,"41443c42-23dd-4260-926e-6aa546b2e27a",2019-08-15T10:30:12.663,129.0,2019-08-15T10:30:12.792,PASSED
"hr.ivlahek.showcase.zerocode.uat.UatTest",0,should_get_google_com,0,"41ddffa1-caf6-401c-8142-8cf58f963ed7",2019-08-15T10:30:08.078,118.0,2019-08-15T10:30:08.196,PASSED
"hr.ivlahek.showcase.zerocode.uat.UatTest",0,should_get_google_com,0,"420b3d77-5b50-4450-ab90-0ca1fa2dedf1",2019-08-15T10:30:13.461,117.0,2019-08-15T10:30:13.578,PASSED
"hr.ivlahek.showcase.zerocode.uat.UatTest",0,should_get_google_com,0,"422dfe3f-3ef8-4b29-b722-9fd52f899d78",2019-08-15T10:30:02.592,340.0,2019-08-15T10:30:02.932,PASSED
"hr.ivlahek.showcase.zerocode.uat.UatTest",0,should_get_google_com,0,"43a3ab68-945e-49b5-80fe-c94a0b2273aa",2019-08-15T10:30:07.615,118.0,2019-08-15T10:30:07.733,PASSED
"hr.ivlahek.showcase.zerocode.uat.UatTest",0,should_get_google_com,0,"43ef5995-3fb4-4f54-b1a9-548ae21cf2ef",2019-08-15T10:30:09.605,138.0,2019-08-15T10:30:09.743,PASSED
"hr.ivlahek.showcase.zerocode.uat.UatTest",0,should_get_google_com,0,"450ee09a-f838-4b39-be8c-5272dd811f83",2019-08-15T10:30:16.119,132.0,2019-08-15T10:30:16.251,PASSED
"hr.ivlahek.showcase.zerocode.uat.UatTest",0,should_get_google_com,0,"459f592b-d6bd-47f8-838d-7ab930ca342b",2019-08-15T10:30:20.041,116.0,2019-08-15T10:30:20.157,PASSED
"hr.ivlahek.showcase.zerocode.uat.UatTest",0,should_get_google_com,0,"46f3c685-cf1a-4527-9806-66092c7cd05f",2019-08-15T10:30:06.814,131.0,2019-08-15T10:30:06.945,PASSED
"hr.ivlahek.showcase.zerocode.uat.UatTest",0,should_get_google_com,0,"483989b3-cf35-4498-8538-9a475cd5651b",2019-08-15T10:30:17.649,133.0,2019-08-15T10:30:17.782,PASSED
"hr.ivlahek.showcase.zerocode.uat.UatTest",0,should_get_google_com,0,"48c52b01-d6e9-424d-b47d-b269619337bb",2019-08-15T10:30:16.717,125.0,2019-08-15T10:30:16.842,PASSED
"hr.ivlahek.showcase.zerocode.uat.UatTest",0,should_get_google_com,0,"48df554c-3797-4e37-94fb-362e3c6d0107",2019-08-15T10:30:04.687,376.0,2019-08-15T10:30:05.063,PASSED
"hr.ivlahek.showcase.zerocode.uat.UatTest",0,should_get_google_com,0,"48e7ae83-3414-4be8-8277-e3d826fcdd82",2019-08-15T10:30:02.592,340.0,2019-08-15T10:30:02.932,PASSED
"hr.ivlahek.showcase.zerocode.uat.UatTest",0,should_get_google_com,0,"494f7078-d706-408d-b8d4-ebc96dfb152a",2019-08-15T10:30:13.061,127.0,2019-08-15T10:30:13.188,PASSED
"hr.ivlahek.showcase.zerocode.uat.UatTest",0,should_get_google_com,0,"498300b0-273e-4ac8-8c99-267c08f18b05",2019-08-15T10:30:18.580,121.0,2019-08-15T10:30:18.701,PASSED
"hr.ivlahek.showcase.zerocode.uat.UatTest",0,should_get_google_com,0,"4a210abe-a332-4640-9b9d-22d5235620d4",2019-08-15T10:30:02.592,340.0,2019-08-15T10:30:02.932,PASSED
"hr.ivlahek.showcase.zerocode.uat.UatTest",0,should_get_google_com,0,"4d1018a0-8a73-4545-bc01-1a5af9889721",2019-08-15T10:30:14.191,122.0,2019-08-15T10:30:14.313,PASSED
"hr.ivlahek.showcase.zerocode.uat.UatTest",0,should_get_google_com,0,"4f06047d-c3af-4a10-8738-2e05b5183408",2019-08-15T10:30:20.774,118.0,2019-08-15T10:30:20.892,PASSED
"hr.ivlahek.showcase.zerocode.uat.UatTest",0,should_get_google_com,0,"5080ca1e-89e1-4d78-be86-3840c98b4a53",2019-08-15T10:30:10.603,249.0,2019-08-15T10:30:10.852,PASSED
"hr.ivlahek.showcase.zerocode.uat.UatTest",0,should_get_google_com,0,"50d7570b-53db-4723-9329-1d4b9b81f264",2019-08-15T10:30:20.639,127.0,2019-08-15T10:30:20.766,PASSED
"hr.ivlahek.showcase.zerocode.uat.UatTest",0,should_get_google_com,0,"535ec044-2a0f-4c6d-ba2f-900441aee96f",2019-08-15T10:30:05.288,123.0,2019-08-15T10:30:05.411,PASSED
"hr.ivlahek.showcase.zerocode.uat.UatTest",0,should_get_google_com,0,"549faca5-edab-43fe-a015-a34a983df068",2019-08-15T10:30:13.593,121.0,2019-08-15T10:30:13.714,PASSED
"hr.ivlahek.showcase.zerocode.uat.UatTest",0,should_get_google_com,0,"556d75a5-1f38-40c8-ad4d-ca47ebcf8fcf",2019-08-15T10:30:20.572,122.0,2019-08-15T10:30:20.694,PASSED
"hr.ivlahek.showcase.zerocode.uat.UatTest",0,should_get_google_com,0,"56fda855-7cab-4905-8cdb-19bb82e98e63",2019-08-15T10:30:10.145,143.0,2019-08-15T10:30:10.288,PASSED
"hr.ivlahek.showcase.zerocode.uat.UatTest",0,should_get_google_com,0,"57431032-5ab5-4fd0-ae0b-233d6ae99566",2019-08-15T10:30:10.537,121.0,2019-08-15T10:30:10.658,PASSED
"hr.ivlahek.showcase.zerocode.uat.UatTest",0,should_get_google_com,0,"57e8337f-495f-4477-a095-0a9da0e8063b",2019-08-15T10:30:11.001,129.0,2019-08-15T10:30:11.130,PASSED
"hr.ivlahek.showcase.zerocode.uat.UatTest",0,should_get_google_com,0,"58cdca0a-008e-4f17-9c63-4b8301a04607",2019-08-15T10:30:02.593,338.0,2019-08-15T10:30:02.931,PASSED
"hr.ivlahek.showcase.zerocode.uat.UatTest",0,should_get_google_com,0,"59562fa9-2d20-4250-8a1f-73fdfcb3867d",2019-08-15T10:30:07.813,116.0,2019-08-15T10:30:07.929,PASSED
"hr.ivlahek.showcase.zerocode.uat.UatTest",0,should_get_google_com,0,"5a17531b-6dff-4ab0-907b-b2c2415b20e5",2019-08-15T10:30:13.328,116.0,2019-08-15T10:30:13.444,PASSED
"hr.ivlahek.showcase.zerocode.uat.UatTest",0,should_get_google_com,0,"5aecd5f2-ec21-4256-986b-fe8d2326da12",2019-08-15T10:30:07.081,118.0,2019-08-15T10:30:07.199,PASSED
"hr.ivlahek.showcase.zerocode.uat.UatTest",0,should_get_google_com,0,"5b4e8d72-9fc0-42f1-942c-8c68ecf0958f",2019-08-15T10:30:02.593,338.0,2019-08-15T10:30:02.931,PASSED
"hr.ivlahek.showcase.zerocode.uat.UatTest",0,should_get_google_com,0,"5ca8fb55-2a03-4726-bdc8-cc3561e2270c",2019-08-15T10:30:18.647,120.0,2019-08-15T10:30:18.767,PASSED
"hr.ivlahek.showcase.zerocode.uat.UatTest",0,should_get_google_com,0,"5cf09eda-40bc-4aeb-acbc-b5fcef8e87dd",2019-08-15T10:30:03.278,121.0,2019-08-15T10:30:03.399,PASSED
"hr.ivlahek.showcase.zerocode.uat.UatTest",0,should_get_google_com,0,"5e9aab1e-7914-4af9-bf6a-9778b12a509b",2019-08-15T10:30:17.050,129.0,2019-08-15T10:30:17.179,PASSED
"hr.ivlahek.showcase.zerocode.uat.UatTest",0,should_get_google_com,0,"5f77dcc6-ea13-4df7-b696-6beabee539ae",2019-08-15T10:30:06.286,147.0,2019-08-15T10:30:06.433,PASSED
"hr.ivlahek.showcase.zerocode.uat.UatTest",0,should_get_google_com,0,"607fcf36-150d-47cf-80ff-8132fabef033",2019-08-15T10:30:06.547,131.0,2019-08-15T10:30:06.678,PASSED
"hr.ivlahek.showcase.zerocode.uat.UatTest",0,should_get_google_com,0,"61d1fcc4-829f-41b5-ba48-884405bc31c4",2019-08-15T10:30:10.802,136.0,2019-08-15T10:30:10.938,PASSED
"hr.ivlahek.showcase.zerocode.uat.UatTest",0,should_get_google_com,0,"62605789-005e-4955-82e7-5089836730a2",2019-08-15T10:30:18.912,126.0,2019-08-15T10:30:19.038,PASSED
"hr.ivlahek.showcase.zerocode.uat.UatTest",0,should_get_google_com,0,"62e4705c-59c9-40d2-9b1b-c85db14c79b0",2019-08-15T10:30:21.440,119.0,2019-08-15T10:30:21.559,PASSED
"hr.ivlahek.showcase.zerocode.uat.UatTest",0,should_get_google_com,0,"62f54d5d-0cca-44f0-bd3a-257c8692f689",2019-08-15T10:30:12.398,117.0,2019-08-15T10:30:12.515,PASSED
"hr.ivlahek.showcase.zerocode.uat.UatTest",0,should_get_google_com,0,"63b2b693-0469-4714-89df-56dec5e8a23e",2019-08-15T10:30:18.713,125.0,2019-08-15T10:30:18.838,PASSED
"hr.ivlahek.showcase.zerocode.uat.UatTest",0,should_get_google_com,0,"640b0ab1-f3e0-4c6a-b812-585e8a825ebe",2019-08-15T10:30:11.267,224.0,2019-08-15T10:30:11.491,PASSED
"hr.ivlahek.showcase.zerocode.uat.UatTest",0,should_get_google_com,0,"646c0896-f078-4cbd-88f2-18a9cf345741",2019-08-15T10:30:19.843,139.0,2019-08-15T10:30:19.982,PASSED
"hr.ivlahek.showcase.zerocode.uat.UatTest",0,should_get_google_com,0,"65fa5ee5-21ac-4410-9ead-0f963bec8768",2019-08-15T10:30:04.623,125.0,2019-08-15T10:30:04.748,PASSED
"hr.ivlahek.showcase.zerocode.uat.UatTest",0,should_get_google_com,0,"66d3798b-0437-42ec-8b1e-5757b6ff3673",2019-08-15T10:30:11.068,127.0,2019-08-15T10:30:11.195,PASSED
"hr.ivlahek.showcase.zerocode.uat.UatTest",0,should_get_google_com,0,"6717ec28-9d2e-4492-856b-1e02783b3ec8",2019-08-15T10:30:12.529,122.0,2019-08-15T10:30:12.651,PASSED
"hr.ivlahek.showcase.zerocode.uat.UatTest",0,should_get_google_com,0,"67e3b7bb-5327-4082-8d3d-bed08af91430",2019-08-15T10:30:20.175,123.0,2019-08-15T10:30:20.298,PASSED
"hr.ivlahek.showcase.zerocode.uat.UatTest",0,should_get_google_com,0,"6a64f31e-9122-471a-a180-7d164a92d019",2019-08-15T10:30:08.407,121.0,2019-08-15T10:30:08.528,PASSED
"hr.ivlahek.showcase.zerocode.uat.UatTest",0,should_get_google_com,0,"6c8f3bd0-059b-4e41-af86-e185debc2811",2019-08-15T10:30:02.591,340.0,2019-08-15T10:30:02.931,PASSED
"hr.ivlahek.showcase.zerocode.uat.UatTest",0,should_get_google_com,0,"6ee37997-c2d2-4892-8494-c6efdde73834",2019-08-15T10:30:06.880,121.0,2019-08-15T10:30:07.001,PASSED
"hr.ivlahek.showcase.zerocode.uat.UatTest",0,should_get_google_com,0,"70b972e7-b0c6-4061-a2e9-c4c7e5e443cc",2019-08-15T10:30:06.948,122.0,2019-08-15T10:30:07.070,PASSED
"hr.ivlahek.showcase.zerocode.uat.UatTest",0,should_get_google_com,0,"71b798ea-c71c-4abe-9a2d-95761796fec8",2019-08-15T10:30:12.331,121.0,2019-08-15T10:30:12.452,PASSED
"hr.ivlahek.showcase.zerocode.uat.UatTest",0,should_get_google_com,0,"7280c078-0cb5-4fbf-9543-f0d200d31a51",2019-08-15T10:30:15.789,121.0,2019-08-15T10:30:15.910,PASSED
"hr.ivlahek.showcase.zerocode.uat.UatTest",0,should_get_google_com,0,"7462ded4-5ff9-4c94-a222-fa01c640f826",2019-08-15T10:30:05.352,132.0,2019-08-15T10:30:05.484,PASSED
"hr.ivlahek.showcase.zerocode.uat.UatTest",0,should_get_google_com,0,"75403d8f-2308-4a9f-8b03-770e93eb92da",2019-08-15T10:30:14.723,170.0,2019-08-15T10:30:14.893,PASSED
"hr.ivlahek.showcase.zerocode.uat.UatTest",0,should_get_google_com,0,"75e250ad-eacb-44b0-ad4e-a8fda3d16aaf",2019-08-15T10:30:05.886,125.0,2019-08-15T10:30:06.011,PASSED
"hr.ivlahek.showcase.zerocode.uat.UatTest",0,should_get_google_com,0,"78282aee-f166-4285-903e-04fadb7be4ac",2019-08-15T10:30:12.463,123.0,2019-08-15T10:30:12.586,PASSED
"hr.ivlahek.showcase.zerocode.uat.UatTest",0,should_get_google_com,0,"788e93f8-ce44-486f-ac7c-8c755f6b6e0f",2019-08-15T10:30:10.070,133.0,2019-08-15T10:30:10.203,PASSED
"hr.ivlahek.showcase.zerocode.uat.UatTest",0,should_get_google_com,0,"7896abcc-d296-4ff3-8d9e-7f1237fd2d77",2019-08-15T10:30:04.754,125.0,2019-08-15T10:30:04.879,PASSED
"hr.ivlahek.showcase.zerocode.uat.UatTest",0,should_get_google_com,0,"7af96107-f2d1-46a6-802f-bb90136733de",2019-08-15T10:30:19.112,122.0,2019-08-15T10:30:19.234,PASSED
"hr.ivlahek.showcase.zerocode.uat.UatTest",0,should_get_google_com,0,"7b0ae552-84f0-4a97-9513-654cdaeab704",2019-08-15T10:30:17.914,121.0,2019-08-15T10:30:18.035,PASSED
"hr.ivlahek.showcase.zerocode.uat.UatTest",0,should_get_google_com,0,"7d6c2b2d-4e29-49d8-93b1-1ba930302527",2019-08-15T10:30:05.952,124.0,2019-08-15T10:30:06.076,PASSED
"hr.ivlahek.showcase.zerocode.uat.UatTest",0,should_get_google_com,0,"7fe74181-154a-478f-a908-bbf5ec9036aa",2019-08-15T10:30:02.592,339.0,2019-08-15T10:30:02.931,PASSED
"hr.ivlahek.showcase.zerocode.uat.UatTest",0,should_get_google_com,0,"7fe90eae-db57-4ded-8f8d-685b97290e89",2019-08-15T10:30:12.001,124.0,2019-08-15T10:30:12.125,PASSED
"hr.ivlahek.showcase.zerocode.uat.UatTest",0,should_get_google_com,0,"80905d0b-ee38-40d2-91a1-6617e14834f6",2019-08-15T10:30:18.380,122.0,2019-08-15T10:30:18.502,PASSED
"hr.ivlahek.showcase.zerocode.uat.UatTest",0,should_get_google_com,0,"84c6a408-1074-4c2b-a1a5-57b15e796b54",2019-08-15T10:30:16.983,119.0,2019-08-15T10:30:17.102,PASSED
"hr.ivlahek.showcase.zerocode.uat.UatTest",0,should_get_google_com,0,"85aff795-4196-4d71-a3c4-c08f06035bff",2019-08-15T10:30:07.017,119.0,2019-08-15T10:30:07.136,PASSED
"hr.ivlahek.showcase.zerocode.uat.UatTest",0,should_get_google_com,0,"871d404f-dd91-4cb3-afaf-6b7e9ff00d6e",2019-08-15T10:30:19.910,120.0,2019-08-15T10:30:20.030,PASSED
"hr.ivlahek.showcase.zerocode.uat.UatTest",0,should_get_google_com,0,"87ae9ce4-afef-46ca-b198-399c85bc7ba8",2019-08-15T10:30:02.591,341.0,2019-08-15T10:30:02.932,PASSED
"hr.ivlahek.showcase.zerocode.uat.UatTest",0,should_get_google_com,0,"884b24f8-d65b-4913-bd6c-78d5204c6c26",2019-08-15T10:30:20.840,122.0,2019-08-15T10:30:20.962,PASSED
"hr.ivlahek.showcase.zerocode.uat.UatTest",0,should_get_google_com,0,"8851a8ec-2c8a-4727-9e1b-0b48e63e88c2",2019-08-15T10:30:02.591,341.0,2019-08-15T10:30:02.932,PASSED
"hr.ivlahek.showcase.zerocode.uat.UatTest",0,should_get_google_com,0,"888d4027-9909-4fbd-ae18-d7a6db034bb6",2019-08-15T10:30:14.458,282.0,2019-08-15T10:30:14.740,PASSED
"hr.ivlahek.showcase.zerocode.uat.UatTest",0,should_get_google_com,0,"89084b66-6394-47ed-8833-3174a8fe2a05",2019-08-15T10:30:06.424,135.0,2019-08-15T10:30:06.559,PASSED
"hr.ivlahek.showcase.zerocode.uat.UatTest",0,should_get_google_com,0,"89232527-9139-40dd-9d86-a41f0af7bc45",2019-08-15T10:30:20.241,118.0,2019-08-15T10:30:20.359,PASSED
"hr.ivlahek.showcase.zerocode.uat.UatTest",0,should_get_google_com,0,"893fd09e-b99f-4aa1-9d85-7aee196d7f5e",2019-08-15T10:30:08.806,123.0,2019-08-15T10:30:08.929,PASSED
"hr.ivlahek.showcase.zerocode.uat.UatTest",0,should_get_google_com,0,"89acb01d-5e34-43e1-a094-8137e86d1e34",2019-08-15T10:30:20.706,139.0,2019-08-15T10:30:20.845,PASSED
"hr.ivlahek.showcase.zerocode.uat.UatTest",0,should_get_google_com,0,"8a7f3fc7-cf1c-4cd8-9dc5-68f8d09cccf4",2019-08-15T10:30:14.325,118.0,2019-08-15T10:30:14.443,PASSED
"hr.ivlahek.showcase.zerocode.uat.UatTest",0,should_get_google_com,0,"8a82527b-920b-4845-9ab1-787d4e69e202",2019-08-15T10:30:17.782,117.0,2019-08-15T10:30:17.899,PASSED
"hr.ivlahek.showcase.zerocode.uat.UatTest",0,should_get_google_com,0,"8babb142-6e2e-448c-84a6-8020d3cfa346",2019-08-15T10:30:13.262,122.0,2019-08-15T10:30:13.384,PASSED
"hr.ivlahek.showcase.zerocode.uat.UatTest",0,should_get_google_com,0,"8d2c11d8-4d4b-4db4-94a4-bc6eaf3f1c2f",2019-08-15T10:30:16.252,123.0,2019-08-15T10:30:16.375,PASSED
"hr.ivlahek.showcase.zerocode.uat.UatTest",0,should_get_google_com,0,"8ebb77e8-6d2c-4612-af45-953faa3f3b6d",2019-08-15T10:30:08.940,116.0,2019-08-15T10:30:09.056,PASSED
"hr.ivlahek.showcase.zerocode.uat.UatTest",0,should_get_google_com,0,"8f258c48-47b7-4425-b72f-ae95b25c910c",2019-08-15T10:30:16.186,122.0,2019-08-15T10:30:16.308,PASSED
"hr.ivlahek.showcase.zerocode.uat.UatTest",0,should_get_google_com,0,"8f3ba6f8-09c4-4119-be1a-2fb67d1f6a03",2019-08-15T10:30:02.591,341.0,2019-08-15T10:30:02.932,PASSED
"hr.ivlahek.showcase.zerocode.uat.UatTest",0,should_get_google_com,0,"8f4e29c0-7e4d-4c81-ac20-d8fd0097e58f",2019-08-15T10:30:08.541,116.0,2019-08-15T10:30:08.657,PASSED
"hr.ivlahek.showcase.zerocode.uat.UatTest",0,should_get_google_com,0,"8f6528bf-027f-4983-8830-d28f17071e11",2019-08-15T10:30:05.617,120.0,2019-08-15T10:30:05.737,PASSED
"hr.ivlahek.showcase.zerocode.uat.UatTest",0,should_get_google_com,0,"8fb2f121-64c0-4788-b4ec-d3466c6d4d42",2019-08-15T10:30:09.540,124.0,2019-08-15T10:30:09.664,PASSED
"hr.ivlahek.showcase.zerocode.uat.UatTest",0,should_get_google_com,0,"8ff70300-2938-4ed1-93f8-85479697cd71",2019-08-15T10:30:04.429,123.0,2019-08-15T10:30:04.552,PASSED
"hr.ivlahek.showcase.zerocode.uat.UatTest",0,should_get_google_com,0,"915254d4-938b-4ac4-b705-ec10fce756b5",2019-08-15T10:30:20.108,117.0,2019-08-15T10:30:20.225,PASSED
"hr.ivlahek.showcase.zerocode.uat.UatTest",0,should_get_google_com,0,"92ef512e-b866-43cf-8e76-5f98cf2dd782",2019-08-15T10:30:18.246,122.0,2019-08-15T10:30:18.368,PASSED
"hr.ivlahek.showcase.zerocode.uat.UatTest",0,should_get_google_com,0,"93f4e630-b9c2-4b51-ae28-1b90126a2d33",2019-08-15T10:30:16.053,118.0,2019-08-15T10:30:16.171,PASSED
"hr.ivlahek.showcase.zerocode.uat.UatTest",0,should_get_google_com,0,"9410557d-eba9-41af-997b-2aac2faf5f89",2019-08-15T10:30:03.095,123.0,2019-08-15T10:30:03.218,PASSED
"hr.ivlahek.showcase.zerocode.uat.UatTest",0,should_get_google_com,0,"95847cbe-b5f3-4879-a763-5a69dff73d40",2019-08-15T10:30:03.957,122.0,2019-08-15T10:30:04.079,PASSED
"hr.ivlahek.showcase.zerocode.uat.UatTest",0,should_get_google_com,0,"96065e82-e3d7-4c8c-be47-023246d2cb34",2019-08-15T10:30:16.319,179.0,2019-08-15T10:30:16.498,PASSED
"hr.ivlahek.showcase.zerocode.uat.UatTest",0,should_get_google_com,0,"961255a7-5926-4f01-a6a7-8f29d693402b",2019-08-15T10:30:12.134,125.0,2019-08-15T10:30:12.259,PASSED
"hr.ivlahek.showcase.zerocode.uat.UatTest",0,should_get_google_com,0,"973c3e3f-5b54-4ea0-9ab8-2beab6419083",2019-08-15T10:30:20.373,119.0,2019-08-15T10:30:20.492,PASSED
"hr.ivlahek.showcase.zerocode.uat.UatTest",0,should_get_google_com,0,"9888fbed-0155-46eb-a496-093b34167f19",2019-08-15T10:30:11.735,119.0,2019-08-15T10:30:11.854,PASSED
"hr.ivlahek.showcase.zerocode.uat.UatTest",0,should_get_google_com,0,"988d1650-b699-4092-8344-e2f7bb707bb8",2019-08-15T10:30:08.675,127.0,2019-08-15T10:30:08.802,PASSED
"hr.ivlahek.showcase.zerocode.uat.UatTest",0,should_get_google_com,0,"98c970dd-73dd-4f1b-aad0-673f358e6291",2019-08-15T10:30:10.935,124.0,2019-08-15T10:30:11.059,PASSED
"hr.ivlahek.showcase.zerocode.uat.UatTest",0,should_get_google_com,0,"98dd32ff-0efd-4211-adc3-d780073fe5da",2019-08-15T10:30:08.277,116.0,2019-08-15T10:30:08.393,PASSED
"hr.ivlahek.showcase.zerocode.uat.UatTest",0,should_get_google_com,0,"993d3db1-c96a-412e-bfc1-8e4c53d2b3c7",2019-08-15T10:30:09.006,127.0,2019-08-15T10:30:09.133,PASSED
"hr.ivlahek.showcase.zerocode.uat.UatTest",0,should_get_google_com,0,"99eee4fa-26b4-48ad-a0aa-1e4b69e4ca17",2019-08-15T10:30:14.590,139.0,2019-08-15T10:30:14.729,PASSED
"hr.ivlahek.showcase.zerocode.uat.UatTest",0,should_get_google_com,0,"9aba1605-96b4-4115-9528-845402aec997",2019-08-15T10:30:12.797,121.0,2019-08-15T10:30:12.918,PASSED
"hr.ivlahek.showcase.zerocode.uat.UatTest",0,should_get_google_com,0,"9f1ebdb4-c1c1-415c-aff6-f9da44d8f403",2019-08-15T10:30:19.512,125.0,2019-08-15T10:30:19.637,PASSED
"hr.ivlahek.showcase.zerocode.uat.UatTest",0,should_get_google_com,0,"9fd2b632-73ac-4239-90ea-63e501127dc5",2019-08-15T10:30:06.019,120.0,2019-08-15T10:30:06.139,PASSED
"hr.ivlahek.showcase.zerocode.uat.UatTest",0,should_get_google_com,0,"a0f9b660-b28c-4acb-b755-466d989afd91",2019-08-15T10:30:05.086,135.0,2019-08-15T10:30:05.221,PASSED
"hr.ivlahek.showcase.zerocode.uat.UatTest",0,should_get_google_com,0,"a106a697-fef5-4aea-8475-f707f4479d49",2019-08-15T10:30:21.108,139.0,2019-08-15T10:30:21.247,PASSED
"hr.ivlahek.showcase.zerocode.uat.UatTest",0,should_get_google_com,0,"a1a44410-783a-4cc1-9bee-ed3b4cc3cd04",2019-08-15T10:30:18.113,125.0,2019-08-15T10:30:18.238,PASSED
"hr.ivlahek.showcase.zerocode.uat.UatTest",0,should_get_google_com,0,"a32d1555-81e3-4641-9d5a-ad9ad0907c34",2019-08-15T10:30:12.997,125.0,2019-08-15T10:30:13.122,PASSED
"hr.ivlahek.showcase.zerocode.uat.UatTest",0,should_get_google_com,0,"a3cff118-faa0-4099-990e-1adf335f615f",2019-08-15T10:30:05.218,121.0,2019-08-15T10:30:05.339,PASSED
"hr.ivlahek.showcase.zerocode.uat.UatTest",0,should_get_google_com,0,"a5d9e927-1bd3-4c72-b736-8c2f0fc5f7ae",2019-08-15T10:30:19.975,135.0,2019-08-15T10:30:20.110,PASSED
"hr.ivlahek.showcase.zerocode.uat.UatTest",0,should_get_google_com,0,"a657735b-a6c5-47fd-b124-d1e4e9fbd21d",2019-08-15T10:30:07.879,123.0,2019-08-15T10:30:08.002,PASSED
"hr.ivlahek.showcase.zerocode.uat.UatTest",0,should_get_google_com,0,"a78c3e54-4f8c-45db-8a07-419442fa4861",2019-08-15T10:30:07.477,120.0,2019-08-15T10:30:07.597,PASSED
"hr.ivlahek.showcase.zerocode.uat.UatTest",0,should_get_google_com,0,"a87c9572-c49a-486a-871c-b2d358dfaba5",2019-08-15T10:30:05.152,132.0,2019-08-15T10:30:05.284,PASSED
"hr.ivlahek.showcase.zerocode.uat.UatTest",0,should_get_google_com,0,"a97e5426-c682-4ed0-abcc-ddfd1868284e",2019-08-15T10:30:09.472,133.0,2019-08-15T10:30:09.605,PASSED
"hr.ivlahek.showcase.zerocode.uat.UatTest",0,should_get_google_com,0,"a9e90055-f708-4175-9b90-1e00458297c8",2019-08-15T10:30:17.449,120.0,2019-08-15T10:30:17.569,PASSED
"hr.ivlahek.showcase.zerocode.uat.UatTest",0,should_get_google_com,0,"ad7a83bf-e52c-49c7-9d66-bf1f47867c83",2019-08-15T10:30:08.209,118.0,2019-08-15T10:30:08.327,PASSED
"hr.ivlahek.showcase.zerocode.uat.UatTest",0,should_get_google_com,0,"adfd0fe1-6d46-44d0-b1ee-a8ca23339b6d",2019-08-15T10:30:07.345,258.0,2019-08-15T10:30:07.603,PASSED
"hr.ivlahek.showcase.zerocode.uat.UatTest",0,should_get_google_com,0,"ae4729a6-c5cf-493c-913b-6bbf54345595",2019-08-15T10:30:09.073,145.0,2019-08-15T10:30:09.218,PASSED
"hr.ivlahek.showcase.zerocode.uat.UatTest",0,should_get_google_com,0,"b025c990-368e-459c-b494-9008a91a384e",2019-08-15T10:30:13.992,123.0,2019-08-15T10:30:14.115,PASSED
"hr.ivlahek.showcase.zerocode.uat.UatTest",0,should_get_google_com,0,"b0954fa5-1730-4478-a45d-45a4f660793b",2019-08-15T10:30:14.392,118.0,2019-08-15T10:30:14.510,PASSED
"hr.ivlahek.showcase.zerocode.uat.UatTest",0,should_get_google_com,0,"b2dd490f-967e-435f-a40a-ca8f72023a07",2019-08-15T10:30:14.126,124.0,2019-08-15T10:30:14.250,PASSED
"hr.ivlahek.showcase.zerocode.uat.UatTest",0,should_get_google_com,0,"b58ae1d8-a1d7-4aed-b038-bf8239fd045b",2019-08-15T10:30:11.602,118.0,2019-08-15T10:30:11.720,PASSED
"hr.ivlahek.showcase.zerocode.uat.UatTest",0,should_get_google_com,0,"b6174778-d679-42c0-aeb8-1fd2dee38cd8",2019-08-15T10:30:10.868,146.0,2019-08-15T10:30:11.014,PASSED
"hr.ivlahek.showcase.zerocode.uat.UatTest",0,should_get_google_com,0,"b618f260-7ff5-45cc-b9fe-ebfb5addb274",2019-08-15T10:30:02.973,132.0,2019-08-15T10:30:03.105,PASSED
"hr.ivlahek.showcase.zerocode.uat.UatTest",0,should_get_google_com,0,"b7b15c33-654a-4114-a09f-6812229a13d4",2019-08-15T10:30:18.312,122.0,2019-08-15T10:30:18.434,PASSED
"hr.ivlahek.showcase.zerocode.uat.UatTest",0,should_get_google_com,0,"b8d8ee9d-d3b0-4750-8fd7-810c8ecd1ae2",2019-08-15T10:30:15.588,124.0,2019-08-15T10:30:15.712,PASSED
"hr.ivlahek.showcase.zerocode.uat.UatTest",0,should_get_google_com,0,"b8fd45fe-0a08-4ece-b5a8-f33d4da9b006",2019-08-15T10:30:07.544,118.0,2019-08-15T10:30:07.662,PASSED
"hr.ivlahek.showcase.zerocode.uat.UatTest",0,should_get_google_com,0,"ba038f25-594a-432b-8fa9-c908656a409d",2019-08-15T10:30:03.440,127.0,2019-08-15T10:30:03.567,PASSED
"hr.ivlahek.showcase.zerocode.uat.UatTest",0,should_get_google_com,0,"bab79674-2a09-4eca-8db7-12ebf1cfebc9",2019-08-15T10:30:15.255,116.0,2019-08-15T10:30:15.371,PASSED
"hr.ivlahek.showcase.zerocode.uat.UatTest",0,should_get_google_com,0,"bae69364-3cbc-4f61-aad1-5231f9757b5d",2019-08-15T10:30:05.751,125.0,2019-08-15T10:30:05.876,PASSED
"hr.ivlahek.showcase.zerocode.uat.UatTest",0,should_get_google_com,0,"bc01a44c-7f3c-4013-8ede-eaf3c60ac28a",2019-08-15T10:30:09.338,121.0,2019-08-15T10:30:09.459,PASSED
"hr.ivlahek.showcase.zerocode.uat.UatTest",0,should_get_google_com,0,"bc789de0-907f-4fa5-b4cc-df62c6870b23",2019-08-15T10:30:02.592,340.0,2019-08-15T10:30:02.932,PASSED
"hr.ivlahek.showcase.zerocode.uat.UatTest",0,should_get_google_com,0,"bcd4d465-b393-4fe3-9af2-5daf71f7cb57",2019-08-15T10:30:15.854,126.0,2019-08-15T10:30:15.980,PASSED
"hr.ivlahek.showcase.zerocode.uat.UatTest",0,should_get_google_com,0,"becb6754-ca38-47b1-a29c-293b86be44d2",2019-08-15T10:30:17.117,126.0,2019-08-15T10:30:17.243,PASSED
"hr.ivlahek.showcase.zerocode.uat.UatTest",0,should_get_google_com,0,"bf1b1cba-8259-4657-8198-6b6f2ccebbd1",2019-08-15T10:30:17.316,141.0,2019-08-15T10:30:17.457,PASSED
"hr.ivlahek.showcase.zerocode.uat.UatTest",0,should_get_google_com,0,"c150c215-b19d-499d-a6e9-5c66291a1d1b",2019-08-15T10:30:12.596,122.0,2019-08-15T10:30:12.718,PASSED
"hr.ivlahek.showcase.zerocode.uat.UatTest",0,should_get_google_com,0,"c3d98ac9-b3cc-43ae-a7c9-f50e257d632d",2019-08-15T10:30:19.711,117.0,2019-08-15T10:30:19.828,PASSED
"hr.ivlahek.showcase.zerocode.uat.UatTest",0,should_get_google_com,0,"c584c689-1a85-4571-a110-a2623cf51307",2019-08-15T10:30:15.321,121.0,2019-08-15T10:30:15.442,PASSED
"hr.ivlahek.showcase.zerocode.uat.UatTest",0,should_get_google_com,0,"c9641571-8119-4237-9e20-b0eaef702f91",2019-08-15T10:30:17.980,122.0,2019-08-15T10:30:18.102,PASSED
"hr.ivlahek.showcase.zerocode.uat.UatTest",0,should_get_google_com,0,"cc9fffbf-8081-4da5-94c1-3b365fce262c",2019-08-15T10:30:19.045,145.0,2019-08-15T10:30:19.190,PASSED
"hr.ivlahek.showcase.zerocode.uat.UatTest",0,should_get_google_com,0,"cd4ad5dc-862d-4b56-a733-b0d6f6aebb8c",2019-08-15T10:30:17.252,273.0,2019-08-15T10:30:17.525,PASSED
"hr.ivlahek.showcase.zerocode.uat.UatTest",0,should_get_google_com,0,"cd8448a8-94d0-43de-9b04-f0765b3f3e84",2019-08-15T10:30:11.537,122.0,2019-08-15T10:30:11.659,PASSED
"hr.ivlahek.showcase.zerocode.uat.UatTest",0,should_get_google_com,0,"ce170643-42a0-4436-870e-b3ca094084a0",2019-08-15T10:30:19.243,118.0,2019-08-15T10:30:19.361,PASSED
"hr.ivlahek.showcase.zerocode.uat.UatTest",0,should_get_google_com,0,"ce7f291a-87e2-4d27-82ef-ed6709bffb3a",2019-08-15T10:30:15.920,120.0,2019-08-15T10:30:16.040,PASSED
"hr.ivlahek.showcase.zerocode.uat.UatTest",0,should_get_google_com,0,"cf1f85ef-ee10-4cc3-88dd-0367e5f1554f",2019-08-15T10:30:17.515,137.0,2019-08-15T10:30:17.652,PASSED
"hr.ivlahek.showcase.zerocode.uat.UatTest",0,should_get_google_com,0,"cf95b536-eda1-45e6-a0c7-199fe2f4ddd0",2019-08-15T10:30:16.650,121.0,2019-08-15T10:30:16.771,PASSED
"hr.ivlahek.showcase.zerocode.uat.UatTest",0,should_get_google_com,0,"d034e35d-c034-462e-8d64-b7d9be0fb387",2019-08-15T10:30:15.189,118.0,2019-08-15T10:30:15.307,PASSED
"hr.ivlahek.showcase.zerocode.uat.UatTest",0,should_get_google_com,0,"d0856063-84cb-4c97-bd44-da3a8e8196fb",2019-08-15T10:30:09.406,232.0,2019-08-15T10:30:09.638,PASSED
"hr.ivlahek.showcase.zerocode.uat.UatTest",0,should_get_google_com,0,"d1580092-96d1-4145-b572-5cd660c2c1ab",2019-08-15T10:30:04.290,121.0,2019-08-15T10:30:04.411,PASSED
"hr.ivlahek.showcase.zerocode.uat.UatTest",0,should_get_google_com,0,"d1b1488d-1d88-4fb7-b159-6e3836d1edd5",2019-08-15T10:30:12.930,151.0,2019-08-15T10:30:13.081,PASSED
"hr.ivlahek.showcase.zerocode.uat.UatTest",0,should_get_google_com,0,"d1e0a819-4be0-479c-b39d-ca1ee630f85f",2019-08-15T10:30:11.800,125.0,2019-08-15T10:30:11.925,PASSED
"hr.ivlahek.showcase.zerocode.uat.UatTest",0,should_get_google_com,0,"d25ced88-d717-45ea-ae63-fd87b9f3fc9b",2019-08-15T10:30:04.356,132.0,2019-08-15T10:30:04.488,PASSED
"hr.ivlahek.showcase.zerocode.uat.UatTest",0,should_get_google_com,0,"d3197ab5-492d-4d1c-a5d1-27b356dbabd1",2019-08-15T10:30:04.023,132.0,2019-08-15T10:30:04.155,PASSED
"hr.ivlahek.showcase.zerocode.uat.UatTest",0,should_get_google_com,0,"d3875032-388f-4d39-a3a9-b1f069723e7a",2019-08-15T10:30:14.523,129.0,2019-08-15T10:30:14.652,PASSED
"hr.ivlahek.showcase.zerocode.uat.UatTest",0,should_get_google_com,0,"d397c9e0-8638-479f-b8f5-10b88381aa30",2019-08-15T10:30:03.057,132.0,2019-08-15T10:30:03.189,PASSED
"hr.ivlahek.showcase.zerocode.uat.UatTest",0,should_get_google_com,0,"d4cc6e43-3471-4bc9-83aa-8c641a0837d6",2019-08-15T10:30:17.185,135.0,2019-08-15T10:30:17.320,PASSED
"hr.ivlahek.showcase.zerocode.uat.UatTest",0,should_get_google_com,0,"d5e3db18-3baf-4202-8248-5b3165dced00",2019-08-15T10:30:09.671,121.0,2019-08-15T10:30:09.792,PASSED
"hr.ivlahek.showcase.zerocode.uat.UatTest",0,should_get_google_com,0,"d6dc57dd-38bd-41a8-ab14-13a5af8365d0",2019-08-15T10:30:21.508,120.0,2019-08-15T10:30:21.628,PASSED
"hr.ivlahek.showcase.zerocode.uat.UatTest",0,should_get_google_com,0,"d830fb0c-20a8-4209-ae80-092c9400c46b",2019-08-15T10:30:19.311,123.0,2019-08-15T10:30:19.434,PASSED
"hr.ivlahek.showcase.zerocode.uat.UatTest",0,should_get_google_com,0,"d8a5b3db-880c-48fc-8e6b-cc3c6cc4e156",2019-08-15T10:30:13.661,121.0,2019-08-15T10:30:13.782,PASSED
"hr.ivlahek.showcase.zerocode.uat.UatTest",0,should_get_google_com,0,"d9e27e80-d829-45f0-9a43-ee0f95dc5c55",2019-08-15T10:30:20.443,128.0,2019-08-15T10:30:20.571,PASSED
"hr.ivlahek.showcase.zerocode.uat.UatTest",0,should_get_google_com,0,"da891c7b-dde8-4e32-aa16-cfc4cd811f6d",2019-08-15T10:30:03.758,127.0,2019-08-15T10:30:03.885,PASSED
"hr.ivlahek.showcase.zerocode.uat.UatTest",0,should_get_google_com,0,"db3dd80f-d7dc-47aa-8777-c9ba32d6a86c",2019-08-15T10:30:11.933,123.0,2019-08-15T10:30:12.056,PASSED
"hr.ivlahek.showcase.zerocode.uat.UatTest",0,should_get_google_com,0,"dd83be50-6792-43d8-ba05-fed47bcd6e7f",2019-08-15T10:30:19.645,124.0,2019-08-15T10:30:19.769,PASSED
"hr.ivlahek.showcase.zerocode.uat.UatTest",0,should_get_google_com,0,"dd87a4ca-e4b8-4696-9d0d-abd997a5d001",2019-08-15T10:30:15.721,119.0,2019-08-15T10:30:15.840,PASSED
"hr.ivlahek.showcase.zerocode.uat.UatTest",0,should_get_google_com,0,"ddc12b03-8fb0-4c00-94e5-99579dc12ef9",2019-08-15T10:30:16.385,121.0,2019-08-15T10:30:16.506,PASSED
"hr.ivlahek.showcase.zerocode.uat.UatTest",0,should_get_google_com,0,"e07a15d3-29e0-4946-915f-3412c6f007df",2019-08-15T10:30:04.953,118.0,2019-08-15T10:30:05.071,PASSED
"hr.ivlahek.showcase.zerocode.uat.UatTest",0,should_get_google_com,0,"e09597b3-b7f1-4482-b11c-8e8d86b91d37",2019-08-15T10:30:18.447,117.0,2019-08-15T10:30:18.564,PASSED
"hr.ivlahek.showcase.zerocode.uat.UatTest",0,should_get_google_com,0,"e16d48d9-af6e-48d6-b4ce-e78954c07f2c",2019-08-15T10:30:11.468,123.0,2019-08-15T10:30:11.591,PASSED
"hr.ivlahek.showcase.zerocode.uat.UatTest",0,should_get_google_com,0,"e173a5f2-3000-4738-a461-1e3881dce34a",2019-08-15T10:30:18.845,121.0,2019-08-15T10:30:18.966,PASSED
"hr.ivlahek.showcase.zerocode.uat.UatTest",0,should_get_google_com,0,"e2dff5d6-ea78-4c84-b67e-9cfd039fae39",2019-08-15T10:30:04.554,129.0,2019-08-15T10:30:04.683,PASSED
"hr.ivlahek.showcase.zerocode.uat.UatTest",0,should_get_google_com,0,"e3b56298-e28b-4433-a404-079e22308b42",2019-08-15T10:30:04.224,124.0,2019-08-15T10:30:04.348,PASSED
"hr.ivlahek.showcase.zerocode.uat.UatTest",0,should_get_google_com,0,"e4feee0b-7f88-447e-839a-463cb6ea2f7b",2019-08-15T10:30:02.705,227.0,2019-08-15T10:30:02.932,PASSED
"hr.ivlahek.showcase.zerocode.uat.UatTest",0,should_get_google_com,0,"e63f3dd0-05ea-45ac-ac41-1f8e1dab94d7",2019-08-15T10:30:02.629,302.0,2019-08-15T10:30:02.931,PASSED
"hr.ivlahek.showcase.zerocode.uat.UatTest",0,should_get_google_com,0,"e6eb0f25-e244-4328-90a6-79cec56d65cc",2019-08-15T10:30:05.485,179.0,2019-08-15T10:30:05.664,PASSED
"hr.ivlahek.showcase.zerocode.uat.UatTest",0,should_get_google_com,0,"e6f56bf4-e6a1-4b9c-9c48-9499fc573c6a",2019-08-15T10:30:16.452,120.0,2019-08-15T10:30:16.572,PASSED
"hr.ivlahek.showcase.zerocode.uat.UatTest",0,should_get_google_com,0,"e7fbc662-e950-4b75-b34d-e9bb8f868406",2019-08-15T10:30:14.261,124.0,2019-08-15T10:30:14.385,PASSED
"hr.ivlahek.showcase.zerocode.uat.UatTest",0,should_get_google_com,0,"e97a15aa-a0aa-4151-b12b-852119b72dea",2019-08-15T10:30:13.395,119.0,2019-08-15T10:30:13.514,PASSED
"hr.ivlahek.showcase.zerocode.uat.UatTest",0,should_get_google_com,0,"eb273455-91f0-44b2-9038-11a77804818e",2019-08-15T10:30:09.936,124.0,2019-08-15T10:30:10.060,PASSED
"hr.ivlahek.showcase.zerocode.uat.UatTest",0,should_get_google_com,0,"ebf5f90a-7994-4e45-b007-e86babb93826",2019-08-15T10:30:18.523,126.0,2019-08-15T10:30:18.649,PASSED
"hr.ivlahek.showcase.zerocode.uat.UatTest",0,should_get_google_com,0,"ec311568-8f7e-460f-a4d9-c496821e2e12",2019-08-15T10:30:02.592,340.0,2019-08-15T10:30:02.932,PASSED
"hr.ivlahek.showcase.zerocode.uat.UatTest",0,should_get_google_com,0,"ec9d0cc3-dc91-499f-b5ba-f24766300cf2",2019-08-15T10:30:14.059,130.0,2019-08-15T10:30:14.189,PASSED
"hr.ivlahek.showcase.zerocode.uat.UatTest",0,should_get_google_com,0,"efcac6b3-f062-4520-a585-225cf96076d6",2019-08-15T10:30:03.697,128.0,2019-08-15T10:30:03.825,PASSED
"hr.ivlahek.showcase.zerocode.uat.UatTest",0,should_get_google_com,0,"efe11af0-d0ae-4244-a4f9-23ead64d4175",2019-08-15T10:30:10.735,126.0,2019-08-15T10:30:10.861,PASSED
"hr.ivlahek.showcase.zerocode.uat.UatTest",0,should_get_google_com,0,"f059a153-c261-4fcc-882a-f0bf891d4722",2019-08-15T10:30:04.160,122.0,2019-08-15T10:30:04.282,PASSED
"hr.ivlahek.showcase.zerocode.uat.UatTest",0,should_get_google_com,0,"f098c9c6-3e9d-4a64-8adb-347bb326bd1b",2019-08-15T10:30:19.777,129.0,2019-08-15T10:30:19.906,PASSED
"hr.ivlahek.showcase.zerocode.uat.UatTest",0,should_get_google_com,0,"f0a392ca-3802-45f6-a750-6e22b722e7c6",2019-08-15T10:30:04.889,121.0,2019-08-15T10:30:05.010,PASSED
"hr.ivlahek.showcase.zerocode.uat.UatTest",0,should_get_google_com,0,"f18566c1-5f75-42f1-b288-7251731c32f8",2019-08-15T10:30:03.496,204.0,2019-08-15T10:30:03.700,PASSED
"hr.ivlahek.showcase.zerocode.uat.UatTest",0,should_get_google_com,0,"f29fd1b3-8ebe-4889-8aa9-bc9811467e0f",2019-08-15T10:30:20.905,124.0,2019-08-15T10:30:21.029,PASSED
"hr.ivlahek.showcase.zerocode.uat.UatTest",0,should_get_google_com,0,"f45025a5-8a6c-4fb4-94a7-fdfd820ee5d8",2019-08-15T10:30:05.821,122.0,2019-08-15T10:30:05.943,PASSED
"hr.ivlahek.showcase.zerocode.uat.UatTest",0,should_get_google_com,0,"f4f002cc-8e54-498d-83f1-73c276bc6747",2019-08-15T10:30:08.874,120.0,2019-08-15T10:30:08.994,PASSED
"hr.ivlahek.showcase.zerocode.uat.UatTest",0,should_get_google_com,0,"f558d464-7e50-460c-8da5-5c37d9d6d704",2019-08-15T10:30:09.205,125.0,2019-08-15T10:30:09.330,PASSED
"hr.ivlahek.showcase.zerocode.uat.UatTest",0,should_get_google_com,0,"f584a7a2-1207-4e78-a425-da7c38ef6638",2019-08-15T10:30:12.864,123.0,2019-08-15T10:30:12.987,PASSED
"hr.ivlahek.showcase.zerocode.uat.UatTest",0,should_get_google_com,0,"f61df741-4ccd-4aa8-8f9e-69b130259675",2019-08-15T10:30:13.795,117.0,2019-08-15T10:30:13.912,PASSED
"hr.ivlahek.showcase.zerocode.uat.UatTest",0,should_get_google_com,0,"f656e50d-95b9-4223-9edc-d7b415e44e5a",2019-08-15T10:30:02.903,126.0,2019-08-15T10:30:03.029,PASSED
"hr.ivlahek.showcase.zerocode.uat.UatTest",0,should_get_google_com,0,"f6717817-bfad-4863-bd15-559a3c2bd0c5",2019-08-15T10:30:04.091,125.0,2019-08-15T10:30:04.216,PASSED
"hr.ivlahek.showcase.zerocode.uat.UatTest",0,should_get_google_com,0,"f7b5ee54-5500-421a-b81a-ddca1aa6bfe8",2019-08-15T10:30:06.088,138.0,2019-08-15T10:30:06.226,PASSED
"hr.ivlahek.showcase.zerocode.uat.UatTest",0,should_get_google_com,0,"f7fa91c6-5442-4cde-89ad-ea34b2ca60b2",2019-08-15T10:30:08.740,123.0,2019-08-15T10:30:08.863,PASSED
"hr.ivlahek.showcase.zerocode.uat.UatTest",0,should_get_google_com,0,"f8736d97-bbc8-461f-9376-79c31a8eec56",2019-08-15T10:30:16.584,120.0,2019-08-15T10:30:16.704,PASSED
"hr.ivlahek.showcase.zerocode.uat.UatTest",0,should_get_google_com,0,"f8fdef01-d5da-4ed3-8271-6be5e1a30b90",2019-08-15T10:30:07.146,134.0,2019-08-15T10:30:07.280,PASSED
"hr.ivlahek.showcase.zerocode.uat.UatTest",0,should_get_google_com,0,"fa3027f6-8be3-4a94-91f8-e516eb94f1a6",2019-08-15T10:30:09.869,180.0,2019-08-15T10:30:10.049,PASSED
"hr.ivlahek.showcase.zerocode.uat.UatTest",0,should_get_google_com,0,"fb852874-2b8f-4c70-b63e-e94b9a6bd1a6",2019-08-15T10:30:13.197,124.0,2019-08-15T10:30:13.321,PASSED
"hr.ivlahek.showcase.zerocode.uat.UatTest",0,should_get_google_com,0,"fbd8247f-9cec-4eb7-a863-f8fbf5bbe1e1",2019-08-15T10:30:21.173,120.0,2019-08-15T10:30:21.293,PASSED
"hr.ivlahek.showcase.zerocode.uat.UatTest",0,should_get_google_com,0,"fc5a8c28-1e44-4474-b7ca-2d070a30078e",2019-08-15T10:30:08.607,124.0,2019-08-15T10:30:08.731,PASSED
"hr.ivlahek.showcase.zerocode.uat.UatTest",0,should_get_google_com,0,"fd00a8e8-166a-4ccc-b3a4-440f664bb613",2019-08-15T10:30:15.521,122.0,2019-08-15T10:30:15.643,PASSED
"hr.ivlahek.showcase.zerocode.uat.UatTest",0,should_get_google_com,0,"fd528308-a550-4848-aa0f-afccc20b483a",2019-08-15T10:30:07.678,121.0,2019-08-15T10:30:07.799,PASSED
"hr.ivlahek.showcase.zerocode.uat.UatTest",0,should_get_google_com,0,"fe69177f-481a-46db-8ff9-5468d99757a5",2019-08-15T10:30:13.726,120.0,2019-08-15T10:30:13.846,PASSED
"hr.ivlahek.showcase.zerocode.uat.UatTest",0,should_get_google_com,0,"ff2dc04b-a147-40a1-8628-87e6e4734038",2019-08-15T10:30:10.270,125.0,2019-08-15T10:30:10.395,PASSED
